--
-- PostgreSQL database dump
--

-- Dumped from database version 15.1
-- Dumped by pg_dump version 15.0

-- Started on 2022-12-12 11:08:27

SET statement_timeout = 0;
SET lock_timeout = 0;
SET idle_in_transaction_session_timeout = 0;
SET client_encoding = 'UTF8';
SET standard_conforming_strings = on;
SELECT pg_catalog.set_config('search_path', '', false);
SET check_function_bodies = false;
SET xmloption = content;
SET client_min_messages = warning;
SET row_security = off;

DROP DATABASE db_shop;
--
-- TOC entry 3378 (class 1262 OID 16398)
-- Name: db_shop; Type: DATABASE; Schema: -; Owner: postgres
--

CREATE DATABASE db_shop WITH TEMPLATE = template0 ENCODING = 'UTF8' LOCALE_PROVIDER = libc LOCALE = 'Russian_Russia.1251';


ALTER DATABASE db_shop OWNER TO postgres;

\connect db_shop

SET statement_timeout = 0;
SET lock_timeout = 0;
SET idle_in_transaction_session_timeout = 0;
SET client_encoding = 'UTF8';
SET standard_conforming_strings = on;
SELECT pg_catalog.set_config('search_path', '', false);
SET check_function_bodies = false;
SET xmloption = content;
SET client_min_messages = warning;
SET row_security = off;

SET default_tablespace = '';

SET default_table_access_method = heap;

--
-- TOC entry 214 (class 1259 OID 16406)
-- Name: category; Type: TABLE; Schema: public; Owner: postgres
--

CREATE TABLE public.category (
    id integer NOT NULL,
    description character varying(255),
    name character varying(255)
);


ALTER TABLE public.category OWNER TO postgres;

--
-- TOC entry 215 (class 1259 OID 16411)
-- Name: category_id_seq; Type: SEQUENCE; Schema: public; Owner: postgres
--

ALTER TABLE public.category ALTER COLUMN id ADD GENERATED BY DEFAULT AS IDENTITY (
    SEQUENCE NAME public.category_id_seq
    START WITH 1
    INCREMENT BY 1
    NO MINVALUE
    NO MAXVALUE
    CACHE 1
);


--
-- TOC entry 216 (class 1259 OID 16412)
-- Name: image; Type: TABLE; Schema: public; Owner: postgres
--

CREATE TABLE public.image (
    id integer NOT NULL,
    file_name character varying(255),
    product_id integer NOT NULL
);


ALTER TABLE public.image OWNER TO postgres;

--
-- TOC entry 217 (class 1259 OID 16415)
-- Name: image_id_seq; Type: SEQUENCE; Schema: public; Owner: postgres
--

ALTER TABLE public.image ALTER COLUMN id ADD GENERATED BY DEFAULT AS IDENTITY (
    SEQUENCE NAME public.image_id_seq
    START WITH 1
    INCREMENT BY 1
    NO MINVALUE
    NO MAXVALUE
    CACHE 1
);


--
-- TOC entry 225 (class 1259 OID 16553)
-- Name: orders; Type: TABLE; Schema: public; Owner: postgres
--

CREATE TABLE public.orders (
    id integer NOT NULL,
    count integer NOT NULL,
    date_time timestamp without time zone,
    number character varying(255),
    price real NOT NULL,
    status integer,
    person_id integer NOT NULL,
    product_id integer NOT NULL
);


ALTER TABLE public.orders OWNER TO postgres;

--
-- TOC entry 224 (class 1259 OID 16552)
-- Name: orders_id_seq; Type: SEQUENCE; Schema: public; Owner: postgres
--

ALTER TABLE public.orders ALTER COLUMN id ADD GENERATED BY DEFAULT AS IDENTITY (
    SEQUENCE NAME public.orders_id_seq
    START WITH 1
    INCREMENT BY 1
    NO MINVALUE
    NO MAXVALUE
    CACHE 1
);


--
-- TOC entry 218 (class 1259 OID 16416)
-- Name: person; Type: TABLE; Schema: public; Owner: postgres
--

CREATE TABLE public.person (
    id integer NOT NULL,
    login character varying(50),
    password character varying(255),
    role character varying(255)
);


ALTER TABLE public.person OWNER TO postgres;

--
-- TOC entry 219 (class 1259 OID 16421)
-- Name: person_id_seq; Type: SEQUENCE; Schema: public; Owner: postgres
--

ALTER TABLE public.person ALTER COLUMN id ADD GENERATED BY DEFAULT AS IDENTITY (
    SEQUENCE NAME public.person_id_seq
    START WITH 1
    INCREMENT BY 1
    NO MINVALUE
    NO MAXVALUE
    CACHE 1
);


--
-- TOC entry 220 (class 1259 OID 16422)
-- Name: product; Type: TABLE; Schema: public; Owner: postgres
--

CREATE TABLE public.product (
    id integer NOT NULL,
    date_time_of_created timestamp without time zone,
    description text NOT NULL,
    price real NOT NULL,
    seller character varying(255) NOT NULL,
    title text NOT NULL,
    warehouse character varying(255) NOT NULL,
    category_id integer NOT NULL,
    CONSTRAINT product_price_check CHECK ((price >= (1)::double precision))
);


ALTER TABLE public.product OWNER TO postgres;

--
-- TOC entry 223 (class 1259 OID 16537)
-- Name: product_cart; Type: TABLE; Schema: public; Owner: postgres
--

CREATE TABLE public.product_cart (
    id integer NOT NULL,
    person_id integer,
    product_id integer
);


ALTER TABLE public.product_cart OWNER TO postgres;

--
-- TOC entry 222 (class 1259 OID 16536)
-- Name: product_cart_id_seq; Type: SEQUENCE; Schema: public; Owner: postgres
--

ALTER TABLE public.product_cart ALTER COLUMN id ADD GENERATED BY DEFAULT AS IDENTITY (
    SEQUENCE NAME public.product_cart_id_seq
    START WITH 1
    INCREMENT BY 1
    NO MINVALUE
    NO MAXVALUE
    CACHE 1
);


--
-- TOC entry 221 (class 1259 OID 16428)
-- Name: product_id_seq; Type: SEQUENCE; Schema: public; Owner: postgres
--

ALTER TABLE public.product ALTER COLUMN id ADD GENERATED BY DEFAULT AS IDENTITY (
    SEQUENCE NAME public.product_id_seq
    START WITH 1
    INCREMENT BY 1
    NO MINVALUE
    NO MAXVALUE
    CACHE 1
);


--
-- TOC entry 3361 (class 0 OID 16406)
-- Dependencies: 214
-- Data for Name: category; Type: TABLE DATA; Schema: public; Owner: postgres
--

INSERT INTO public.category (id, description, name) VALUES (1, '', 'Мебель');
INSERT INTO public.category (id, description, name) VALUES (2, '', 'Бытовая техника');
INSERT INTO public.category (id, description, name) VALUES (3, '', 'Одежда');


--
-- TOC entry 3363 (class 0 OID 16412)
-- Dependencies: 216
-- Data for Name: image; Type: TABLE DATA; Schema: public; Owner: postgres
--

INSERT INTO public.image (id, file_name, product_id) VALUES (3, '3b1b0497-05de-4fc3-9e4a-a8f54e66724e.1 .webp', 3);
INSERT INTO public.image (id, file_name, product_id) VALUES (4, '27f41999-40c7-40b2-8e1b-338299fccc85.1.jpg', 3);
INSERT INTO public.image (id, file_name, product_id) VALUES (5, '7f784936-c20f-4b1b-95bf-e56758d3bafd.1.webp', 3);
INSERT INTO public.image (id, file_name, product_id) VALUES (6, '26205ec9-f239-4869-9512-26fd593331bb.2.jpg', 3);
INSERT INTO public.image (id, file_name, product_id) VALUES (7, '8e41e388-f529-4abe-85f0-1e7b0be72d02.2.webp', 3);
INSERT INTO public.image (id, file_name, product_id) VALUES (8, '8156bd61-5e67-40a3-9226-95490d57b6cd.3.jpg', 3);
INSERT INTO public.image (id, file_name, product_id) VALUES (9, 'ae6ebac6-ed81-4907-95c0-17fa2ed538af.3.webp', 3);
INSERT INTO public.image (id, file_name, product_id) VALUES (10, '501e0311-2a3a-4e62-8305-c7bab27b7815.4.jpg', 3);
INSERT INTO public.image (id, file_name, product_id) VALUES (11, 'a0672f9a-bf25-4c76-87c4-c44878f6a18f.4.webp', 3);
INSERT INTO public.image (id, file_name, product_id) VALUES (12, '0169182d-12da-45e2-8ec7-1ce2990fed8d.5.jpg', 3);
INSERT INTO public.image (id, file_name, product_id) VALUES (13, '72a7c82e-c5e8-4a4a-b2cc-2475ff667443.5.webp', 3);
INSERT INTO public.image (id, file_name, product_id) VALUES (14, 'c6dfdec1-958a-4984-b7a4-98ff94d41c54.1.jpg', 4);
INSERT INTO public.image (id, file_name, product_id) VALUES (15, '4077ae72-3f51-4532-8592-237e0dc04ba8.2.jpeg', 4);
INSERT INTO public.image (id, file_name, product_id) VALUES (16, '72cb7c0a-3927-4b45-99bc-d03677762063.3.jpg', 4);
INSERT INTO public.image (id, file_name, product_id) VALUES (17, '9a3e1909-a821-41e2-9c02-111e210eadcd.4.jpeg', 4);
INSERT INTO public.image (id, file_name, product_id) VALUES (18, '721a90fb-086b-42d8-b50d-1dc40c3b5ede.5.jpg', 4);
INSERT INTO public.image (id, file_name, product_id) VALUES (19, '9f214b4e-be65-4da4-b43f-72d219974d00.1 (1).jpg', 6);
INSERT INTO public.image (id, file_name, product_id) VALUES (20, 'f235647b-e16b-481d-845b-2e7334648599.2.jpg', 6);
INSERT INTO public.image (id, file_name, product_id) VALUES (21, '86b53683-1b7a-4a21-ba90-358c7f775dbb.3.jpg', 6);
INSERT INTO public.image (id, file_name, product_id) VALUES (22, '7b202d3c-f000-495b-b3cf-3f3f13dcc838.4.jpg', 6);
INSERT INTO public.image (id, file_name, product_id) VALUES (23, 'a1d36d6a-6115-4d3a-b510-60dcb2288b0b.5.jpg', 6);
INSERT INTO public.image (id, file_name, product_id) VALUES (24, 'b41422be-0812-4c84-8706-b31d96491e5a.1 .webp', 7);
INSERT INTO public.image (id, file_name, product_id) VALUES (25, 'b53e3099-cb0f-4414-93bd-6c05914f61de.1.jpg', 7);
INSERT INTO public.image (id, file_name, product_id) VALUES (26, 'c582f85c-c7db-4125-b632-cdeafb05fd80.1.webp', 7);
INSERT INTO public.image (id, file_name, product_id) VALUES (27, '09a24429-6112-4c1f-a4d7-8258e520f37f.2.jpg', 7);
INSERT INTO public.image (id, file_name, product_id) VALUES (28, 'ec94be33-bf39-4100-8fc8-5fbc4758d2c5.3.jpg', 7);
INSERT INTO public.image (id, file_name, product_id) VALUES (29, '0f7a937f-9255-4378-b05d-1c7ed2eeb960.4.jpg', 7);
INSERT INTO public.image (id, file_name, product_id) VALUES (30, 'f2d9e1e6-d376-4a7a-b1e7-f8e12863902a.5.jpg', 7);
INSERT INTO public.image (id, file_name, product_id) VALUES (31, 'e37348cd-7758-4dc3-9723-c058ceead2ec.1.jpg', 8);
INSERT INTO public.image (id, file_name, product_id) VALUES (32, 'cac49f78-90e7-46de-a69a-01dad9b6b6ad.1.webp', 8);
INSERT INTO public.image (id, file_name, product_id) VALUES (33, 'e95d0e64-662b-4b22-afee-222360e2f61f.2.jpg', 8);
INSERT INTO public.image (id, file_name, product_id) VALUES (34, 'e833521a-b5ef-4188-8358-042c6bcc168a.3.jpg', 8);
INSERT INTO public.image (id, file_name, product_id) VALUES (35, '6a82d2ba-73c9-44ac-93f0-e2b5601140f9.4.jpg', 8);
INSERT INTO public.image (id, file_name, product_id) VALUES (36, '9a7f9dab-94fa-4aca-9409-48ccb211eaa6.5.jpg', 8);
INSERT INTO public.image (id, file_name, product_id) VALUES (37, '0f16a1a1-5607-4747-9ec5-465ad526d310.1.jpeg', 9);
INSERT INTO public.image (id, file_name, product_id) VALUES (38, '15776615-c5ee-456e-ac4b-a8df07b177ec.2.jpg', 9);
INSERT INTO public.image (id, file_name, product_id) VALUES (39, '5593a3c2-0cfa-40db-bc9c-8d4709944927.3.jpg', 9);
INSERT INTO public.image (id, file_name, product_id) VALUES (40, '7e0680b1-087b-4ca0-ba2a-e739332d00d7.4.jpg', 9);
INSERT INTO public.image (id, file_name, product_id) VALUES (41, '6450b651-2220-45f9-b203-a7328c2ebae9.5.jpg', 9);
INSERT INTO public.image (id, file_name, product_id) VALUES (42, 'f4ffea65-1b5d-4774-bd65-22496fce9e4d.1.jpg', 10);
INSERT INTO public.image (id, file_name, product_id) VALUES (43, 'b078590e-3559-43ce-9f1a-bbade46ee20c.2.jpg', 10);
INSERT INTO public.image (id, file_name, product_id) VALUES (44, '09a3124a-1a4f-43dc-9247-b5afd3fd70c4.3.jpg', 10);
INSERT INTO public.image (id, file_name, product_id) VALUES (45, '75fda480-eea3-4317-b943-024c0c28a257.4.jpg', 10);
INSERT INTO public.image (id, file_name, product_id) VALUES (46, '56da948e-5435-46cf-9a63-f0e5291c077f.5.jpg', 10);
INSERT INTO public.image (id, file_name, product_id) VALUES (47, '5d7f22f0-546d-4bfc-9abf-fd06282a0954.1.jpg', 11);
INSERT INTO public.image (id, file_name, product_id) VALUES (48, '316f7206-23b2-4e52-b85c-4ea9b6faa978.2.jpg', 11);
INSERT INTO public.image (id, file_name, product_id) VALUES (49, '20cd2aab-fbc4-4566-805c-2457ac2ac7e4.3.jpg', 11);
INSERT INTO public.image (id, file_name, product_id) VALUES (50, '728b25cd-7c95-4670-8497-8359dd3d02dc.4.jpg', 11);
INSERT INTO public.image (id, file_name, product_id) VALUES (51, 'cb1a01f0-f121-493b-b90a-8fdb8f7aae89.5.jpg', 11);
INSERT INTO public.image (id, file_name, product_id) VALUES (53, '5e4564f6-e398-4981-8786-a0ed2160f3ac.1 .jpeg', 5);
INSERT INTO public.image (id, file_name, product_id) VALUES (54, '02d7501f-8e9c-44d1-aaf6-0917beca37b0.2.jpg', 5);
INSERT INTO public.image (id, file_name, product_id) VALUES (55, '299177fb-c837-4034-aac8-7f7cc8989d1d.3.jpg', 5);
INSERT INTO public.image (id, file_name, product_id) VALUES (56, '35619d3d-9478-4503-b6d3-10f0f1901208.4.jpg', 5);
INSERT INTO public.image (id, file_name, product_id) VALUES (57, '3ae04754-6994-44eb-9fc6-646e3f2a0522.5.jpg', 5);


--
-- TOC entry 3372 (class 0 OID 16553)
-- Dependencies: 225
-- Data for Name: orders; Type: TABLE DATA; Schema: public; Owner: postgres
--

INSERT INTO public.orders (id, count, date_time, number, price, status, person_id, product_id) VALUES (1, 1, '2022-12-09 19:32:03.092189', '4ad17fe6-5591-47bc-8654-b762cdabb460', 3960, 1, 2, 11);
INSERT INTO public.orders (id, count, date_time, number, price, status, person_id, product_id) VALUES (2, 1, '2022-12-09 19:36:16.789666', 'b4f9c434-e2b9-4360-a105-7ca2901fd7c1', 33615, 1, 2, 3);
INSERT INTO public.orders (id, count, date_time, number, price, status, person_id, product_id) VALUES (3, 1, '2022-12-09 19:36:16.820663', 'b4f9c434-e2b9-4360-a105-7ca2901fd7c1', 338, 1, 2, 7);
INSERT INTO public.orders (id, count, date_time, number, price, status, person_id, product_id) VALUES (4, 1, '2022-12-11 11:53:39.994095', 'a39958f4-ba14-43f0-873a-6272ffa8cdd9', 3000, 1, 2, 9);
INSERT INTO public.orders (id, count, date_time, number, price, status, person_id, product_id) VALUES (5, 1, '2022-12-11 11:53:40.0481', 'a39958f4-ba14-43f0-873a-6272ffa8cdd9', 2520, 1, 2, 10);
INSERT INTO public.orders (id, count, date_time, number, price, status, person_id, product_id) VALUES (6, 1, '2022-12-11 14:57:21.338059', 'aa3ccd51-4ec3-4c78-a509-3659d94d3a4f', 1450, 1, 2, 8);
INSERT INTO public.orders (id, count, date_time, number, price, status, person_id, product_id) VALUES (7, 1, '2022-12-11 21:18:53.496422', '6052d82f-3455-4aaa-ab69-3969a40aa6a7', 11249, 1, 2, 6);
INSERT INTO public.orders (id, count, date_time, number, price, status, person_id, product_id) VALUES (8, 1, '2022-12-11 21:59:11.244707', 'a2724608-4c8b-41aa-aac9-2402dc244c5a', 33615, 1, 2, 3);


--
-- TOC entry 3365 (class 0 OID 16416)
-- Dependencies: 218
-- Data for Name: person; Type: TABLE DATA; Schema: public; Owner: postgres
--

INSERT INTO public.person (id, login, password, role) VALUES (2, 'User1', '$2a$10$OneJ6AbwQdBnQCyNwIEMgOROM5D5y6U4TUL3QKVy6cASmf9jyIBry', 'ROLE_USER');
INSERT INTO public.person (id, login, password, role) VALUES (1, 'Admin', '$2a$10$.F7ae6eEN56k9stQKp3uoOTZAnCsvUPK6gOv30oZef96BnkIS4use', 'ROLE_ADMIN');


--
-- TOC entry 3367 (class 0 OID 16422)
-- Dependencies: 220
-- Data for Name: product; Type: TABLE DATA; Schema: public; Owner: postgres
--

INSERT INTO public.product (id, date_time_of_created, description, price, seller, title, warehouse, category_id) VALUES (8, '2022-12-05 13:42:41.160716', 'Джинсы молодежные на лето и осень - незаменимая вещь современного модного базового мужского гардероба. Удобные и функциональные - эти штаны брюки используются в качестве рабочей одежды, для дома, для спорта, для бега. Разнообразие моделей джинсовых брюк широкое: трубы, бананы, бойфренды, джоггеры, slim, бриджи, мотоджинсы. Особой популярностью пользуются прямые и зауженные к низу классические джинсы со средней и высокой посадкой. В коллекции бренда EREMES представлены синие голубые джинсы для мужчин высокого роста ( до 190 см), отлично сочетаются с рубашкой, толстовкой, худи, пиджаком и водолазкой. Модель штанов классического прямого кроя, застежка молния и шарнирная пуговица, накладные карманы сзади, штаны не зауженные, без флиса. Идеальная посадка обеспечена за счет точных лекал с фабрик Турции. Штаны подойдут обладателям больших размеров и высоким мальчикам подросткам. В них удобно водить автомобиль и мотоцикл. Мужские брюки комфортно носить в летний период. Подарок любимому другу папе. Турецкие джинсы мужские прямые широкие штаны классика брюки для невысоких мужская одежда для мальчиков рваные американки брюки с карманами без утепления скинни осень зима casual слоучи момы из плотного денима skinny с потертостями спортивки оверсайз стрейч светлые узкие молодежные слим большие зимние потертые по бокам больших размеров летние брюки', 1450, 'EREMES', 'Eremes Джинсы мужские прямые классические', 'Коледино', 3);
INSERT INTO public.product (id, date_time_of_created, description, price, seller, title, warehouse, category_id) VALUES (3, '2022-12-05 13:34:36.52982', 'Новая стиральная машина ATLANT серии INTENSE EXPERT имеет уникальный дизайн, который прекрасно дополнит любой интерьер своим внешним видом. С помощью новых сенсорных технологий достаточно легкого касания для выбора функций и программ. Светодиодные индикаторы и сегментный дисплей машины размещены на панели управления под небольшим углом, что облегчает визуальное восприятие отображаемой информации о работе машины. Благодаря интеллектуальным программам она не только интуитивно понятна в управлении, но и обеспечивает превосходные результаты стирки при низком потреблении воды и электроэнергии. Кроме того, действует увеличенная гарантия 5 лет на двигатель.', 33615, 'ВАЙЛДБЕРРИЗ', 'ATLANT Стиральная машина CMA-80 C 1214-01', 'Коледино', 2);
INSERT INTO public.product (id, date_time_of_created, description, price, seller, title, warehouse, category_id) VALUES (6, '2022-12-05 13:40:02.784178', 'Мужская футбольная куртка для тренировок в прохладную погоду. Утепленная модель дополнена стегаными вставками на подкладке и рукавах. Застежка на молнию и глубокий прилегающий капюшон. Современный ', 11249, 'ВАЙЛДБЕРРИЗ', 'adidas Куртка', 'Коледино', 3);
INSERT INTO public.product (id, date_time_of_created, description, price, seller, title, warehouse, category_id) VALUES (7, '2022-12-05 13:41:44.210379', 'Футболка мужская хлопок спортивная однотонная базовая модная свободная пляжная с коротким рукавом. Стильная хлопковая футболка классического кроя - это вещь унисекс, которая подойдет и мужчинам, и женщинам. СОСТАВ: ХЛОПОК 100% ПЛОТНОСТЬ 180 гр/мк в. Молодежная женская и мужская футболка выполнена из плотной хлопковой ткани и имеет круглый вырез горловины. Удлиненная футболка подходит для отдыха, туризма и занятий спортом: фитнеса, йоги, бега и тренировок в зале. В ней можно отправиться на прогулку в город. Базовая футболка вписывается в школьную форму и офисный стиль. Ее можно носить дома или надеть в школу и на работу в офис под пиджак. Трикотажная футболка оптимальна для носки летом. Она является базовой вещью и будет прекрасно сочетаться со всеми вещами в вашем гардеробе, в том числе в стиле оверсайз. Красивая футболка подойдет парням и девушкам любого роста - высоким и невысоким. Ее могут носить взрослые и подростки. В ассортименте большой выбор ярких цветов. Вы можете подарить ее на день рождения любимому мужу, маме, брату или папе. У нас есть акции и распродажи, вы можете купить наши товары в подарок со скидкой!', 338, 'UZcotton', 'UZcotton Футболка мужская хлопок спортивная однотонная базовая', 'Коледино', 3);
INSERT INTO public.product (id, date_time_of_created, description, price, seller, title, warehouse, category_id) VALUES (5, '2022-12-05 15:21:47.370392', 'Планетарный миксер с 3-мя насадками, Блендер, Мясорубка. Технология SmartMIX - прибор автоматически подбирает оптимальную мощность работы для каждого вида и количества ингредиентов. Технология PROtect+ защита двигателя от перегрева.** Надёжная конструкция со стальными шестернями. Планетарное вращение насадок. Чаша из нержавеющей стали. Объем чаши 5 л. 6 скоростных режимов. Плавная регулировка скорости. Импульсивный режим. Венчик для взбивания. Насадка для смешивания. Крюк для замешивания теста. Крышка чаши для добавления ингредиентов. Мясорубка: 2 диска из нержавеющей стали (5 и 7 мм). Кувшин блендера из высокопрочного стекла объемом 1,5 л.Низкий уровень шума. Система безопасного включения. Защита двигателя от перегрева. Отсек для намотки сетевого шнура. Прорезиненные ножки. Мощность: 1100 Вт.', 10999, 'ВАЙЛДБЕРРИЗ', 'Polaris Планетарный миксер / Кухонная машина PKM 1104, (POLARIS)', 'Коледино', 2);
INSERT INTO public.product (id, date_time_of_created, description, price, seller, title, warehouse, category_id) VALUES (9, '2022-12-05 13:44:15.664503', 'Размеры (ШхГхВ): 100х38,6х74,6 см Компьютерный стол Софи привлекает своей функциональностью, строгим дизайном и высоким уровнем прочности. Наш стол выполнен в трех цветах поэтому для него найдется место в любой комнате Вашего дома. Может использоваться как детский, компьютерный столик для учебы и отдыха или в кабинет и использовать его как рабочий стол. Вы можете расставить на него косметику и использовать как туалетный столик в спальню. В открытые полочки можно положить не только любимые книги и игрушки, но и различную мелочь для дома. Так же стол отлично впишется в любой офис и станет удобным рабочим местом для сотрудника. Модели обладают стандартной высотой, которая обеспечит вам и вашему ребенку комфортную посадку. Для стола используются сертифицированные, высококачественные ЛДСП, поэтому наша мебель прослужит вам не один год. К набору прилагается подробная инструкция по сборке.', 3000, 'Стендмебель - фабрика мебели', 'Стендмебель Стол письменный Софи СТМ, компьютерный', 'Коледино', 1);
INSERT INTO public.product (id, date_time_of_created, description, price, seller, title, warehouse, category_id) VALUES (10, '2022-12-05 13:45:46.450594', 'Размеры (ШхГхВ): 60х25,6х75 смНаша обувница Джулия станет прекрасным решением для удобного хранения обуви в прихожей, создав комфорт и чистоту в Вашем доме. Основное преимущество данной модели - её компактные размеры, позволяющие сэкономить несколько квадратных метров пола прихожей даже небольшой квартиры, обувная полка подойдет для хранения мужской, женской и детской обуви. Благодаря классическому дизайну, универсальности и актуальным цветовым решениям этажерка для обуви отлично дополнит Ваш комплект мебели любого стиля. Обувница в прихожую или как ее еще называют, галошница оснащена изолированной полочкой под аксессуары, которая станет незаменимой для домашних мелочей, ключей, перчаток, шапок, шарфов или предметов по уходу за обувью. В закрытом состоянии используйте её, чтобы поставить сумочку или пакет, положить зонт. Обувница белая, как и другие цвета имеет три наклонные полки для обуви в прихожую общей вместимостью до 9 пар обуви. Обувница для обуви сделана из сертифицированных и высококачественных ЛДСП, поэтому она прослужит Вам не один год. Собрать полки для обуви легко в домашних условиях. К набору прилагается подробная инструкция по сборке. Габаритные размеры обувницы (ШхВхГ) 60х25,6х75 см. Так же предлагаем другие наши товары бренда Стендмебель: Вешалка Глория артикул 73452816, Обувница Дина артикул 73474145, Вешалка Грация-2 артикул 112396129.', 2520, 'Стендмебель - фабрика мебели', 'Стендмебель Обувница Джулия СТМ, тумба для обуви', 'Коледино', 1);
INSERT INTO public.product (id, date_time_of_created, description, price, seller, title, warehouse, category_id) VALUES (4, '2022-12-05 14:10:33.76098', 'Беспроводной ручной портативный пылесос отлично подойдет для уборки различных помещений. В комплекте присутствуют фильтр, вертикальный стакан или контейнер для воды, есть насадки, но набор идет без мешка. Присутствует 3 бака для воды. В одном вода очищается, в другом - хранится в чистом виде, а в третий - поступает грязная. Также есть функция самоочистки пылесоса. И сухая, и влажная уборка с ним станут намного проще и быстрее. Щетка имеет мощный аккумулятор и работает на батарейка. Компактный мобильный пылесос может использоваться как швабра. Моющий прибор хорошо подойдет для уборки шерсти с дивана, чистки ковров, для пыли и грязи, или просто для мытья полов. Мобильный аккумуляторный пылесос очень хороший помощник для дома.', 17995, 'Официальный магазин Polaris', 'Redkey Вертикальный пылесос , моющий пылесос', 'Коледино', 2);
INSERT INTO public.product (id, date_time_of_created, description, price, seller, title, warehouse, category_id) VALUES (11, '2022-12-05 14:10:50.16714', 'Размеры (ШхГхВ): 75,2х43х75 см. Комод неотъемлемая часть мебели квартиры или дома. Комод деревянный Ксения станет надежным помощником в хранении вещей. Комод для хранения представлен в нескольких цветах: белый, крафт белый, серый, дуб сонома и бук, что позволит вписать в интерьер комнаты и сочетать с другой мебелью в доме. Комод для вещей идет в двух вариантах: с ручками и без них. Во втором варианте в комоде убраны ручки и удлинен фасад, за который и происходит открывание. Универсальность тумбы позволяет использовать ее, как детскую мебель в комнате вашего ребенка, в четырех больших ящиках поместятся игрушки и вещи. Поставьте его вместе с письменным столом Альянс арт. 100243145 в детской и он станет помощником в хранении учебников, тетрадей и канцелярии. В спальне он выступит как тумба для ТВ. А поставив в прихожей, комод Ксения будет сочетаться с обувницей Грация арт. 114272890 и настенной вешалкой Глория арт. 73452816. Мебельная фабрика «Стендмебель» использует только высококачественные материалы и фурнитуру, мы заботимся о наших покупателях и хотим, чтобы наша мебель прослужила Вам как можно дольше. Мы делаем все возможное, чтобы наша продукция доезжала даже в самые дальние уголки нашей страны целой и радовало Вас, для этого мы упаковываем нашу продукцию в картон, а по периметру укрепляем упаковку пенопластом. Для сборки Вам понадобится отвертка или шуроповерт, ключ шестигранник идет в комплекте. Гарантия: 12 месяцев', 3960, 'Стендмебель - фабрика мебели', 'Стендмебель Комод с ящиками Ксения СТМ для вещей', 'Коледино', 1);


--
-- TOC entry 3370 (class 0 OID 16537)
-- Dependencies: 223
-- Data for Name: product_cart; Type: TABLE DATA; Schema: public; Owner: postgres
--



--
-- TOC entry 3379 (class 0 OID 0)
-- Dependencies: 215
-- Name: category_id_seq; Type: SEQUENCE SET; Schema: public; Owner: postgres
--

SELECT pg_catalog.setval('public.category_id_seq', 3, true);


--
-- TOC entry 3380 (class 0 OID 0)
-- Dependencies: 217
-- Name: image_id_seq; Type: SEQUENCE SET; Schema: public; Owner: postgres
--

SELECT pg_catalog.setval('public.image_id_seq', 58, true);


--
-- TOC entry 3381 (class 0 OID 0)
-- Dependencies: 224
-- Name: orders_id_seq; Type: SEQUENCE SET; Schema: public; Owner: postgres
--

SELECT pg_catalog.setval('public.orders_id_seq', 8, true);


--
-- TOC entry 3382 (class 0 OID 0)
-- Dependencies: 219
-- Name: person_id_seq; Type: SEQUENCE SET; Schema: public; Owner: postgres
--

SELECT pg_catalog.setval('public.person_id_seq', 2, true);


--
-- TOC entry 3383 (class 0 OID 0)
-- Dependencies: 222
-- Name: product_cart_id_seq; Type: SEQUENCE SET; Schema: public; Owner: postgres
--

SELECT pg_catalog.setval('public.product_cart_id_seq', 22, true);


--
-- TOC entry 3384 (class 0 OID 0)
-- Dependencies: 221
-- Name: product_id_seq; Type: SEQUENCE SET; Schema: public; Owner: postgres
--

SELECT pg_catalog.setval('public.product_id_seq', 14, true);


--
-- TOC entry 3200 (class 2606 OID 16430)
-- Name: category category_pkey; Type: CONSTRAINT; Schema: public; Owner: postgres
--

ALTER TABLE ONLY public.category
    ADD CONSTRAINT category_pkey PRIMARY KEY (id);


--
-- TOC entry 3202 (class 2606 OID 16432)
-- Name: image image_pkey; Type: CONSTRAINT; Schema: public; Owner: postgres
--

ALTER TABLE ONLY public.image
    ADD CONSTRAINT image_pkey PRIMARY KEY (id);


--
-- TOC entry 3212 (class 2606 OID 16557)
-- Name: orders orders_pkey; Type: CONSTRAINT; Schema: public; Owner: postgres
--

ALTER TABLE ONLY public.orders
    ADD CONSTRAINT orders_pkey PRIMARY KEY (id);


--
-- TOC entry 3204 (class 2606 OID 16434)
-- Name: person person_pkey; Type: CONSTRAINT; Schema: public; Owner: postgres
--

ALTER TABLE ONLY public.person
    ADD CONSTRAINT person_pkey PRIMARY KEY (id);


--
-- TOC entry 3210 (class 2606 OID 16541)
-- Name: product_cart product_cart_pkey; Type: CONSTRAINT; Schema: public; Owner: postgres
--

ALTER TABLE ONLY public.product_cart
    ADD CONSTRAINT product_cart_pkey PRIMARY KEY (id);


--
-- TOC entry 3206 (class 2606 OID 16436)
-- Name: product product_pkey; Type: CONSTRAINT; Schema: public; Owner: postgres
--

ALTER TABLE ONLY public.product
    ADD CONSTRAINT product_pkey PRIMARY KEY (id);


--
-- TOC entry 3208 (class 2606 OID 16438)
-- Name: product uk_qka6vxqdy1dprtqnx9trdd47c; Type: CONSTRAINT; Schema: public; Owner: postgres
--

ALTER TABLE ONLY public.product
    ADD CONSTRAINT uk_qka6vxqdy1dprtqnx9trdd47c UNIQUE (title);


--
-- TOC entry 3217 (class 2606 OID 16558)
-- Name: orders fk1b0m4muwx1t377w9if3w6wwqn; Type: FK CONSTRAINT; Schema: public; Owner: postgres
--

ALTER TABLE ONLY public.orders
    ADD CONSTRAINT fk1b0m4muwx1t377w9if3w6wwqn FOREIGN KEY (person_id) REFERENCES public.person(id);


--
-- TOC entry 3214 (class 2606 OID 16439)
-- Name: product fk1mtsbur82frn64de7balymq9s; Type: FK CONSTRAINT; Schema: public; Owner: postgres
--

ALTER TABLE ONLY public.product
    ADD CONSTRAINT fk1mtsbur82frn64de7balymq9s FOREIGN KEY (category_id) REFERENCES public.category(id);


--
-- TOC entry 3218 (class 2606 OID 16563)
-- Name: orders fk787ibr3guwp6xobrpbofnv7le; Type: FK CONSTRAINT; Schema: public; Owner: postgres
--

ALTER TABLE ONLY public.orders
    ADD CONSTRAINT fk787ibr3guwp6xobrpbofnv7le FOREIGN KEY (product_id) REFERENCES public.product(id);


--
-- TOC entry 3213 (class 2606 OID 16444)
-- Name: image fkgpextbyee3uk9u6o2381m7ft1; Type: FK CONSTRAINT; Schema: public; Owner: postgres
--

ALTER TABLE ONLY public.image
    ADD CONSTRAINT fkgpextbyee3uk9u6o2381m7ft1 FOREIGN KEY (product_id) REFERENCES public.product(id);


--
-- TOC entry 3215 (class 2606 OID 16547)
-- Name: product_cart fkhpnrxdy3jhujameyod08ilvvw; Type: FK CONSTRAINT; Schema: public; Owner: postgres
--

ALTER TABLE ONLY public.product_cart
    ADD CONSTRAINT fkhpnrxdy3jhujameyod08ilvvw FOREIGN KEY (product_id) REFERENCES public.product(id);


--
-- TOC entry 3216 (class 2606 OID 16542)
-- Name: product_cart fksgnkc1ko2i1o9yr2p63ysq3rn; Type: FK CONSTRAINT; Schema: public; Owner: postgres
--

ALTER TABLE ONLY public.product_cart
    ADD CONSTRAINT fksgnkc1ko2i1o9yr2p63ysq3rn FOREIGN KEY (person_id) REFERENCES public.person(id);


-- Completed on 2022-12-12 11:08:28

--
-- PostgreSQL database dump complete
--

